<xml xmlns:o="urn:schemas-microsoft-com:office:office">
 <o:MainFile HRef="../index.htm"/>
 <o:File HRef="image323.png"/>
 <o:File HRef="image328.png"/>
 <o:File HRef="image329.png"/>
 <o:File HRef="image330.png"/>
 <o:File HRef="image369.png"/>
 <o:File HRef="image371.png"/>
 <o:File HRef="image1378.gif"/>
 <o:File HRef="image13781.jpg"/>
 <o:File HRef="Background.htm"/>
 <o:File HRef="image562.png"/>
 <o:File HRef="image561.png"/>
 <o:File HRef="image560.png"/>
 <o:File HRef="image544.png"/>
 <o:File HRef="Research.htm"/>
 <o:File HRef="image451.png"/>
 <o:File HRef="Publications.htm"/>
 <o:File HRef="image304.png"/>
 <o:File HRef="image318.png"/>
 <o:File HRef="filelist.xml"/>
</xml>